G_CS,C,D1,D2,Th,stable,n_fp
0.0,0.010185099232715196,0.05705428609219818,0.05705428609220079,0.00973962691230116,0,3
0.0,0.00993829475887305,0.051378492789633155,0.06164018913590045,0.008696539988269646,1,3
0.0,0.01354127911063197,0.14588538801163978,0.01443208359452456,0.021893479275493233,1,3
0.1,0.010186244100995716,0.05708287138340956,0.057082871383414786,0.009744407630317824,0,3
0.1,0.009930519353891264,0.051199000232999135,0.06184377728590983,0.008663267472488865,1,3
0.1,0.013549685271968424,0.14624824299796224,0.014359347017405044,0.021920057121845922,1,3
0.2,0.010187389672454954,0.05711147020264221,0.05711147020264677,0.009749190758050608,0,3
0.2,0.009922813663944338,0.05102090684529319,0.062046710751887904,0.008630268090172666,1,3
0.2,0.013558014480933281,0.14660971608038725,0.014287279663978029,0.021946375861749013,1,3
0.30000000000000004,0.010188535947381366,0.05714008255799874,0.05714008255799721,0.009753976295852337,0,3
0.30000000000000004,0.009915176563807561,0.050844189391160165,0.06224900080558898,0.008597537659307385,1,3
0.30000000000000004,0.013566267915655567,0.14696983040306855,0.014215870092058778,0.02197243966968526,1,3
0.4,0.010189682926062737,0.05716870845757706,0.057168708457578044,0.009758764244072078,0,3
0.4,0.009907606957561583,0.05066882526651871,0.06245065840832104,0.008565072105015828,1,3
0.4,0.013574446724578079,0.14732860847868715,0.014145107170841064,0.02199825261264125,1,3
0.5,0.010190830608787128,0.057197347909494635,0.05719734790949388,0.00976355460305963,0,3
0.5,0.009900103777519287,0.05049479247489104,0.06265169422259703,0.008532867455646867,1,3
0.5,0.013582552027536122,0.1476860722121781,0.014074980069196835,0.02202381865403407,1,3
0.6000000000000001,0.01019197899584182,0.05722600092186267,0.05722600092186188,0.00976834737316071,0,3
0.6000000000000001,0.009892665983197229,0.050322069604720306,0.06285211862335162,0.008500919839023346,1,3
0.6000000000000001,0.013590584916784639,0.1480422429233192,0.014005478244536006,0.022049141657451084,1,3
0.7000000000000001,0.01019312808751396,0.0572546675028007,0.05725466750280058,0.009773142554719715,0,3
0.7000000000000001,0.009885292560342552,0.050150635807935905,0.06305194170847657,0.00846922547889696,1,3
0.7000000000000001,0.013598546457977952,0.14839714136825613,0.01393659143218662,0.022074225390216577,1,3
0.8,0.010194277884090398,0.05728334766043385,0.05728334766043196,0.009777940148079116,0,3
0.8,0.009877982519999235,0.04998047077939143,0.06325117330897415,0.008437780691543096,1,3
0.8,0.013606437691103129,0.1487507877599843,0.01386830963529736,0.022099073526790237,1,3
0.9,0.010195428385857432,0.05731204140288627,0.05731204140288641,0.009782740153578334,0,3
0.9,0.00987073489761931,0.04981155473730946,0.06344982299859273,0.008406581882521082,1,3
0.9,0.013614259631377251,0.14910320178806175,0.013800623115126573,0.02212368965203033,1,3
1.0,0.01019657959310132,0.05734074873829323,0.0573407487382935,0.009787542571555907,0,3
1.0,0.009863548752213581,0.049643868404606356,0.06364790010303455,0.008375625543578012,1,3
1.0,0.013622013270089094,0.14945440263700122,0.013733522381939213,0.022148077264262687,1,3
1.1,0.01019773150610783,0.0573694696747908,0.05736946967478987,0.009792347402347619,0,3
1.1,0.009856423165540461,0.04947739299106524,0.06384541370874414,0.008344908249691143,1,3
1.1,0.013629699575423069,0.14980440900437383,0.01366699818611507,0.02217223977827448,1,3
1.2000000000000002,0.01019888412516234,0.057398204220517765,0.057398204220517716,0.009797154646286808,0,3
1.2000000000000002,0.009849357241330963,0.04931211017631927,0.06404237267129338,0.008314426656243067,1,3
1.2000000000000002,0.013637319493232368,0.15015323911770456,0.013601041509800092,0.02219618052813039,1,3
1.3,0.010200037450550035,0.057426952383621,0.05742695238362073,0.009801964303705404,0,3
1.3,0.009842350104547246,0.0491480020935774,0.06423878562340576,0.008284177496318067,1,3
1.3,0.013644873947783,0.15050091075073294,0.013535643558883795,0.022219902769880395,1,3
1.4000000000000001,0.010201191482555654,0.057455714172249255,0.05745571417224872,0.009806776374932723,0,3
1.4000000000000001,0.009835400900673348,0.04898505131407067,0.06443466098262336,0.00825415757811646,1,3
1.4000000000000001,0.01365236384246664,0.1508474412390084,0.0134707957553173,0.022243409684153313,1,3
1.5,0.010202346221463623,0.05748448959455589,0.05748448959455556,0.009811590860296001,0,3
1.5,0.009828508795036748,0.04882324083218115,0.06463000695863554,0.008224363782480966,1,3
1.5,0.013659790060481323,0.15119284749474066,0.013406489729785873,0.022266704378634053,1,3
1.6,0.010203501667558014,0.05751327865869857,0.05751327865869952,0.009816407760120346,0,3
1.6,0.009821672972158635,0.04866255405121248,0.06482483156029108,0.008194793060528017,1,3
1.6,0.01366715346548394,0.1515371460210378,0.013342717314688094,0.022289789890437717,1,3
1.7000000000000002,0.010204657821122677,0.05754208137284171,0.05754208137284119,0.009821227074729119,0,3
1.7000000000000002,0.009814892635131184,0.04850297476975872,0.0650191426023196,0.008165442431377106,1,3
1.7000000000000002,0.013674454902215503,0.15188035292553972,0.013279470537413957,0.022312669188384267,1,3
1.8,0.010205814682440886,0.05757089774514902,0.057570897745149306,0.009826048804442664,0,3
1.8,0.009808167005021372,0.0483444871686633,0.06521294771175666,0.008136308979977096,1,3
1.8,0.01368169519709932,0.15222248393343296,0.013216741613923486,0.022335345175175624,1,3
1.9000000000000001,0.01020697225179579,0.05759972778379368,0.05759972778379291,0.009830872949580068,0,3
1.9000000000000001,0.009801495320299114,0.04818707579851932,0.06540625433410431,0.008107389855021232,1,3
1.9000000000000001,0.013688875158816317,0.15256355439998695,0.01315452294256901,0.022357820689487596,1,3
2.0,0.010208130529470028,0.057628571496948826,0.05762857149694855,0.00983569951045745,0,3
2.0,0.009794876836289025,0.048030725567692764,0.0655990697392327,0.008078682266948153,1,3
2.0,0.013695995578855303,0.15290357932251164,0.013092807098196201,0.022380098507972204,1,3
2.1,0.010209289515745977,0.05765742889279458,0.05765742889279497,0.009840528487389285,0,3
2.1,0.009788310824644045,0.04787542173083084,0.06579140102704548,0.008050183486022322,1,3
2.1,0.013703057232041712,0.15324257335184766,0.013031586826478581,0.022402181347180944,1,3
2.2,0.010210449210905694,0.057686299979515736,0.057686299979514855,0.009845359880687906,0,3
2.2,0.009781796572840621,0.04772114987784988,0.06598325513290491,0.008021890840493538,1,3
2.2,0.013710060877045205,0.15358055080338456,0.01297085503848464,0.022424071865410514,1,3
2.3000000000000003,0.010211609615230733,0.05771518476529796,0.057715184765297675,0.009850193690662852,0,3
2.3000000000000003,0.00977533338369401,0.04756789592336744,0.0661746388328382,0.007993801714829421,1,3
2.3000000000000003,0.013717007256866816,0.15391752566762965,0.012910604805465882,0.02244577266447508,1,3
2.4000000000000004,0.010212770729002457,0.057744083258334945,0.05774408325833424,0.009855029917622151,0,3
2.4000000000000004,0.009768920574892327,0.04741564609655127,0.06636555874854122,0.007965913548016379,1,3
2.4000000000000004,0.013723897099307129,0.15425351162035325,0.012850829353853814,0.022467286291408633,1,3
2.5,0.010213932552501774,0.05777299546682202,0.05777299546682159,0.009859868561871179,0,3
2.5,0.009762557478549353,0.04726438693138216,0.06655602135217407,0.007938223831928848,1,3
2.5,0.013730731117416349,0.1545885220323382,0.012791522060453557,0.022488615240101442,1,3
2.6,0.010215095086009292,0.05780192139896045,0.057801921398959566,0.009864709623713365,0,3
2.6,0.009756243440773568,0.04711410525727506,0.06674603297099047,0.007910730109757126,1,3
2.6,0.013737510009926688,0.15492256997873055,0.012732676447831501,0.02250976195287244,1,3
2.7,0.010216258329805179,0.05783086106295412,0.057830861062953466,0.009869553103449665,0,3
2.7,0.009749977821255756,0.04696478819011598,0.06693559979174113,0.007883429974504452,1,3
2.7,0.013744234461668196,0.1552556682480309,0.012674286179881694,0.022530728821981656,1,3
2.8000000000000003,0.010217422284169315,0.057859814467012195,0.057859814467012036,0.009874399001379038,0,3
2.8000000000000003,0.009743759992870249,0.04681642312359421,0.06712472786495385,0.007856321067532049,1,3
2.8000000000000003,0.013750905143970236,0.15558782935077844,0.012616345057548035,0.022551518191086837,1,3
2.9000000000000004,0.010218586949381185,0.057888781619347594,0.057888781619348365,0.00987924731779806,0,3
2.9000000000000004,0.009737589341292636,0.04666899772090132,0.0673134231090184,0.0078294010771651,1,3
2.9000000000000004,0.01375752271504388,0.15591906552777324,0.012558847014758973,0.02257213235663972,1,3
3.0,0.01021975232571996,0.05791776252817874,0.05791776252817885,0.009884098053001368,0,3
3.0,0.009731465264630893,0.04652249990672779,0.06750169131413196,0.007802667737347546,1,3
3.0,0.013764087820356779,0.15624938875820613,0.012501786114436765,0.022592573569240496,1,3
3.1,0.010220918413464484,0.057946757201730106,0.0579467572017224,0.009888951207281659,0,3
3.1,0.009725387173070215,0.0463769178595583,0.06768953814609951,0.007776118826346141,1,3
3.1,0.013770601092985923,0.15657881076720623,0.012445156544752896,0.022612844034927644,1,3
3.2,0.010222085212892706,0.0579757656482143,0.0579757656482147,0.00989380678092654,0,3
3.2,0.009719354488533796,0.04623224000432673,0.06787696914992572,0.007749752165515125,1,3
3.2,0.013777063153964713,0.15690734303335346,0.012388952615441902,0.022632945916434707,1,3
3.3000000000000003,0.010223252724283158,0.058004787875875256,0.058004787875874465,0.009898664774226228,0,3
3.3000000000000003,0.009713366644348468,0.046088455005162586,0.06806398975344106,0.007723565618072902,1,3
3.3000000000000003,0.01378347461261369,0.15723499679576852,0.012333168754297514,0.022652881334392985,1,3
3.4000000000000004,0.010224420947913314,0.05803382389294101,0.058033823892940074,0.009903525187465075,0,3
3.4000000000000004,0.009707423084932446,0.04594555175864533,0.06825060527057171,0.007697557087966888,1,3
3.4000000000000004,0.013789836066860458,0.15756178306101437,0.0122777995037751,0.02267265236849364,1,3
3.5,0.010225589884060231,0.05806287370764839,0.058062873707649974,0.009908388020925944,0,3
3.5,0.009701523265486909,0.04580351938712824,0.06843682090465317,0.007671724518746605,1,3
3.5,0.013796148103546976,0.1578877126096582,0.012222839517747271,0.022692261058605865,1,3
3.6,0.01022675953300125,0.05809193732824318,0.05809193732824415,0.009913253274890472,0,3
3.6,0.009695666651701254,0.04566234723236808,0.06862264175156539,0.007646065892488758,1,3
3.6,0.013802411298727573,0.15821279600268853,0.012168283558345722,0.022711709405858257,1,3
3.7,0.010227929895012327,0.058121014762968846,0.05812101476296973,0.009918120949636535,0,3
3.7,0.009689852719468598,0.04552202484938058,0.06880807280275748,0.007620579228759479,1,3
3.7,0.01380862621795564,0.15853704358765033,0.012114126492933816,0.022730999373680463,1,3
3.8000000000000003,0.01022910097037004,0.05815010602007679,0.05815010602007716,0.00992299104544079,0,3
3.8000000000000003,0.009684080954611034,0.0453825420005103,0.06899311894816912,0.007595262583612008,1,3
3.8000000000000003,0.013814793416560889,0.15886046550459282,0.012060363291177463,0.022750132888809758,1,3
3.9000000000000004,0.010230272759349955,0.05817921110781942,0.05817921110782206,0.00992786356257681,0,3
3.9000000000000004,0.009678350852614735,0.04524388864971697,0.06917778497904235,0.0075701140486204195,1,3
3.9000000000000004,0.013820913439915794,0.15918307169175136,0.012006989022235917,0.02276911184226008,1,3
4.0,0.010231445262227516,0.05820833003445902,0.05820833003445966,0.009932738501316946,0,3
4.0,0.009672661918373498,0.04510605495704586,0.06936207559065016,0.007545131749943576,1,3
4.0,0.013826986823694612,0.15950487189110113,0.011953998852030417,0.02278793809026103,1,3
4.1000000000000005,0.01023261847927768,0.058237462808255154,0.05823746280825504,0.009937615861930062,0,3
4.1000000000000005,0.009667013665942182,0.044969031273318937,0.06954599538490329,0.007520313847426144,1,3
4.1000000000000005,0.013833014094122178,0.15982587565366277,0.011901388040623807,0.02280661345516262,1,3
4.2,0.010233792410774996,0.05826660943747403,0.05826660943747497,0.009942495644683138,0,3
4.2,0.009661405618297134,0.044832808134975095,0.06972954887289991,0.007495658533723844,1,3
4.2,0.013838995768215463,0.16014609234465918,0.011849151939680804,0.022825139726311023,1,3
4.3,0.010234967056993735,0.058295769930387854,0.05829576993038882,0.009947377849841184,0,3
4.3,0.009655837307105942,0.04469737625911834,0.06991274047735778,0.007471164033463665,1,3
4.3,0.013844932354015857,0.16046553114846246,0.011797285990024994,0.02284351866089297,1,3
4.4,0.010236142418207755,0.05832494429527204,0.05832494429527068,0.00995226247766678,0,3
4.4,0.009650308272504321,0.04456272653872172,0.07009557453497646,0.007446828602429791,1,3
4.4,0.013850824350814655,0.16078420107340047,0.011745785719270601,0.022861751984753556,1,3
4.5,0.010237318494690338,0.05835413254040198,0.058354132540401775,0.00995714952841936,0,3
4.5,0.009644818062880223,0.04442885003798789,0.07027805529872434,0.007422650526775515,1,3
4.5,0.013856672249370169,0.16110211095638166,0.011694646739540076,0.022879841393186523,1,3
4.6000000000000005,0.010238495286714635,0.05838333467406312,0.058383334674062703,0.009962039002357181,0,3
4.6000000000000005,0.00963936623466534,0.04429573798787341,0.07046018694004152,0.007398628122262496,1,3
4.6000000000000005,0.013862476532122426,0.16141926946742655,0.0116438647452421,0.02289778855170243,1,3
4.7,0.010239672794553187,0.05841255070453981,0.05841255070454196,0.009966930899735195,0,3
4.7,0.009633952352133436,0.044163381781762816,0.07064197355096835,0.007374759733524857,1,3
4.7,0.013868237673386838,0.1617356851138589,0.011593435510971715,0.02291559509675699,1,3
4.800000000000001,0.010240851018478415,0.05844178064012721,0.05844178064012692,0.009971825220807232,0,3
4.800000000000001,0.009628575987205039,0.04403177297127943,0.07082341914620978,0.007351043733356119,1,3
4.800000000000001,0.013873956139564768,0.16205136624466995,0.011543354889401732,0.02293326263648258,1,3
4.9,0.010242029958761962,0.058471024489115224,0.058471024489115876,0.009976721965823098,0,3
4.9,0.009623236719258731,0.043900903262245036,0.07100452766512076,0.007327478522020932,1,3
4.9,0.013879632389324811,0.16236632105443977,0.011493618809317489,0.022950792751369062,1,3
5.0,0.010243209615675363,0.05850028225980512,0.05850028225980547,0.009981621135031553,0,3
5.0,0.009617934134947671,0.04377076451074704,0.07118530297365049,0.007304062526584548,1,3
5.0,0.013885266873791212,0.16268055758729824,0.01144422327367484,0.022968186994939004,1,3
5.1000000000000005,0.010244389989489653,0.05852955396049908,0.05852955396049879,0.00998652272867847,0,3
5.1000000000000005,0.00961266782802319,0.0436413487193685,0.07136574886618882,0.007280794200269765,1,3
5.1000000000000005,0.013890860036722847,0.1629940837407132,0.01139516435773161,0.022985446894397032,1,3
5.2,0.01024557108047542,0.05855883959950286,0.058558839599503025,0.00999142674700722,0,3
5.2,0.009607437399162914,0.04351264803351021,0.07154586906738218,0.007257672021829012,1,3
5.2,0.013896412314686675,0.16330690726915,0.011346438207240886,0.023002573951257835,1,3
5.300000000000001,0.010246752888902921,0.05858813918512784,0.058588139185128056,0.009996333190259124,0,3
5.300000000000001,0.009602242455804622,0.043384654737841644,0.0717256672338795,0.007234694494937973,1,3
5.300000000000001,0.013901924137224056,0.1636190357876361,0.011298041036696599,0.02301956964195948,1,3
5.4,0.010247935415041957,0.05861745272568819,0.0586174527256886,0.010001242058672895,0,3
5.4,0.009597082611985375,0.04325736125286573,0.07190514695602186,0.007211860147608261,1,3
5.4,0.01390739592701824,0.16393047677518466,0.011249969127641226,0.023036435418447743,1,3
5.5,0.010249118659162091,0.058646780229506736,0.058646780229499575,0.010006153352485676,0,3
5.5,0.009591957488185298,0.04313076013158472,0.0720843117594858,0.007189167531616978,1,3
5.5,0.01391282810004664,0.1642412375781247,0.011202218827024008,0.02305317270875438,1,3
5.6000000000000005,0.010250302621531883,0.05867612170489312,0.058676121704893176,0.010011067071929202,0,3
5.6000000000000005,0.009586866711176575,0.04300484405628161,0.07226316510686386,0.007166615221955636,1,3
5.6000000000000005,0.013918221065738675,0.1645513254133465,0.011154786545605023,0.023069782917550765,1,3
5.7,0.010251487302420337,0.05870547716018607,0.0587054771601859,0.010015983217237213,0,3
5.7,0.009581809913876287,0.04287960583538143,0.07244171039921568,0.007144201816292192,1,3
5.7,0.01392357522712096,0.16486074737138945,0.011107668756422273,0.02308626742668468,1,3
5.800000000000001,0.010252672702095534,0.05873484660371261,0.058734846603710415,0.010020901788638308,0,3
5.800000000000001,0.009576786735203692,0.042755038400412726,0.07261995097756822,0.007121925934449798,1,3
5.800000000000001,0.013928890980964179,0.16516951041952635,0.011060861993285492,0.02310262759570585,1,3
5.9,0.01025385882082498,0.05876423004380281,0.058764230043803045,0.010025822786358411,0,3
5.9,0.009571796819946956,0.042631134803180606,0.07279789012425258,0.007099786217923614,1,3
5.9,0.013934168717921237,0.16547762140464956,0.011014362849339022,0.023118864762369656,1,3
6.0,0.010255045658876263,0.058793627488798704,0.058793627488799155,0.01003074621062262,0,3
6.0,0.009566839818619612,0.04250788821269336,0.07297553106452828,0.007077781329349018,1,3
6.0,0.01393940882266342,0.1657850870561424,0.010968167975651961,0.0231349802431304,1,3
6.1000000000000005,0.010256233216516204,0.05882303894704072,0.058823038947041224,0.01003567206165249,0,3
6.1000000000000005,0.009561915387340256,0.04238529191262684,0.07315287696771933,0.007055909952069814,1,3
6.1000000000000005,0.013944611674012833,0.16609191398863768,0.01092227407985734,0.02315097533361815,1,3
6.2,0.01025742149401129,0.058852464426874695,0.058852464426874536,0.010040600339667435,0,3
6.2,0.009557023187701503,0.04226333929852992,0.07332993094864722,0.007034170789655659,1,3
6.2,0.013949777645068825,0.16639810870469587,0.010876677924830044,0.023166851309102617,1,3
6.300000000000001,0.010258610491627526,0.058881903936648966,0.05888190393664933,0.010045531044884174,0,3
6.300000000000001,0.009552162886648601,0.042142023875251955,0.07350669606888303,0.007012562565459502,1,3
6.300000000000001,0.013954907103334071,0.1667036775973958,0.010831376327408469,0.023182609424941995,1,3
6.4,0.010259800209630564,0.05891135748471716,0.05891135748471855,0.010050464177517263,0,3
6.4,0.00954733415636069,0.04202133925442339,0.07368317533798675,0.006991084022183875,1,3
6.4,0.01396000041083407,0.16700862695287502,0.010786366157145191,0.02319825091702136,1,3
6.5,0.010260990648285664,0.0589408250794377,0.05894082507943816,0.010055399737778912,0,3
6.5,0.009542536674135118,0.04190127915200491,0.07385937171471425,0.006969733921458265,1,3
6.5,0.013965057924234756,0.1673129629527573,0.010741644335105105,0.02321377700217599,1,3
6.6000000000000005,0.010262181807857441,0.058970306729168,0.05897030672917161,0.010060337725878027,0,3
6.6000000000000005,0.009537770122275468,0.041781837385913984,0.0740352881081841,0.006948511043429777,1,3
6.6000000000000005,0.013970079994956438,0.16761669167653928,0.010697207832690644,0.02322918887860427,1,3
6.7,0.01026337368861046,0.05899980244227869,0.05899980244227887,0.010065278142022694,0,3
6.7,0.009533034187982363,0.041663007873716004,0.0742109273790142,0.00692741418636445,1,3
6.7,0.013975066969284564,0.16791981910389572,0.010653053670504205,0.023244487726268373,1,3
6.800000000000001,0.010264566290808418,0.05902931222713243,0.05902931222713292,0.010070220986416453,0,3
6.800000000000001,0.009528328563247927,0.04154478463039135,0.07438629234041658,0.006906442166261553,1,3
6.800000000000001,0.013980019188477386,0.1682223511169211,0.010609178917242949,0.023259674707283982,1,3
6.9,0.010265759614714863,0.05905883609210402,0.05905883609210387,0.010075166259261801,0,3
6.9,0.009523652944752298,0.04142716176614603,0.07456138575928135,0.00688559381647499,1,3
6.9,0.01398493698887077,0.1685242935022993,0.01056558068862794,0.023274750966298437,1,3
7.0,0.010266953660592777,0.05908837404556832,0.05908837404556848,0.010080113960758067,0,3
7.0,0.009519007033764041,0.04131013348431172,0.07473621035720186,0.006864867987350048,1,3
7.0,0.013989820701979464,0.16882565195342858,0.010522256146355581,0.023289717630860362,1,3
7.1000000000000005,0.010268148428704793,0.05911792609590582,0.05911792609590586,0.010085064091102462,0,3
7.1000000000000005,0.009514390536042671,0.0411936940792858,0.07491076881149174,0.006844263545866506,1,3
7.1000000000000005,0.01399467065459692,0.1691264320724517,0.010479202497093255,0.023304575811774742,1,3
7.2,0.010269343919312956,0.05914749225149828,0.059147492251500705,0.01009001665048918,0,3
7.2,0.00950980316174426,0.041077837934542394,0.07508506375615834,0.006823779375294141,1,3
7.2,0.01399948716889166,0.16942663937232388,0.010436416991480376,0.02331932660345659,1,3
7.300000000000001,0.010270540132679145,0.05917707252073674,0.05917707252073714,0.010094971639110899,0,3
7.300000000000001,0.009505244625327886,0.04096255952065328,0.07525909778289729,0.006803414374849424,1,3
7.300000000000001,0.014004270562499505,0.1697262792786235,0.010393896923190244,0.023333971084262647,1,3
7.4,0.010271737069064459,0.05920666691200846,0.05920666691200887,0.01009992905715646,0,3
7.4,0.009500714645469211,0.04084785339348202,0.07543287344193729,0.006783167459382085,1,3
7.4,0.014009021148616713,0.17002535713156589,0.010351639627982214,0.023348510316827442,1,3
7.5,0.010272934728729755,0.05923627543370959,0.0592362754337092,0.010104888904813055,0,3
7.5,0.009496212944970306,0.040733714192271224,0.07560639324302247,0.006763037559042908,1,3
7.5,0.01401373923608776,0.17032387818777386,0.01030964248280554,0.02336294534838102,1,3
7.6000000000000005,0.010274133111935346,0.0592658980942375,0.05926589809423705,0.010109851182264928,0,3
7.6000000000000005,0.009491739250676283,0.0406201366378966,0.07577965965625062,0.00674302361898022,1,3
7.6000000000000005,0.014018425129492,0.17062184762207686,0.010267902904916065,0.023377277211062118,1,3
7.7,0.010275332218941164,0.05929553490199431,0.05929553490199421,0.010114815889693922,0,3
7.7,0.009487293293392351,0.04050711553112039,0.07595267511293807,0.006723124599036055,1,3
7.7,0.014023079129227898,0.17091927052923933,0.010226418351022887,0.023391506922221975,1,3
7.800000000000001,0.010276532050006634,0.059325185865385606,0.05932518586538631,0.010119783027279314,0,3
7.800000000000001,0.0094828748078039,0.04039464575091565,0.07612544200643664,0.0067033394734544284,1,3
7.800000000000001,0.01402770153159495,0.17121615192566123,0.01018518631645209,0.023405635484720837,1,3
7.9,0.010277732605390793,0.05935485099282179,0.059354850992821735,0.010124752595198003,0,3
7.9,0.009478483532397722,0.04028272225280937,0.07629796269295612,0.006683667230592627,1,3
7.9,0.014032292628873566,0.17151249675100907,0.01014420433433872,0.023419663887215978,1,3
8.0,0.010278933885352105,0.05938453029271427,0.05938453029271443,0.010129724593623875,0,3
8.0,0.009474119209386175,0.04017134006729292,0.07647023949234057,0.006664106872644082,1,3
8.0,0.014036852709402753,0.17180830986981674,0.010103469974837864,0.023433593104442468,1,3
8.1,0.010280135890148713,0.05941422377348044,0.05941422377348034,0.01013469902272865,0,3
8.1,0.009469781584632794,0.04006049429826356,0.07664227468883583,0.00664465741536637,1,3
8.1,0.01404138205765648,0.17210359607307024,0.010062980844348519,0.02344742409748871,1,3
8.200000000000001,0.01028133862003818,0.05944393144353998,0.059443931443539884,0.010139675882681186,0,3
8.200000000000001,0.009465470407580086,0.03995018012151028,0.07681407053183352,0.0066253178878167675,1,3
8.200000000000001,0.014045880954316472,0.17239836007965206,0.01002273458478762,0.02346115781405869,1,3
8.3,0.010282542075277653,0.05947365331131673,0.059473653311316765,0.010144655173647911,0,3
8.3,0.009461185431179025,0.03984039278323868,0.07698562923659616,0.006606087332094505,1,3
8.3,0.01405034967634511,0.17269260653787766,0.00998272887284166,0.023474795188735527,1,3
8.4,0.01028374625612383,0.05950338938523786,0.05950338938523845,0.010149636895792544,0,3
8.4,0.009456926411820474,0.039731127598636506,0.07715695298496107,0.006586964803089759,1,3
8.4,0.014054788497056001,0.17298634002696237,0.009942961419254496,0.02348833714323722,1,3
8.5,0.010284951162832928,0.059533139673735,0.05953313967373528,0.010154621049276384,0,3
8.5,0.009452693109268242,0.03962237995047356,0.07732804392602928,0.006567949368238609,1,3
8.5,0.014059197686180726,0.1732795650582946,0.009903429968165806,0.023501784586654167,1,3
8.6,0.010286156795660693,0.059562904185242266,0.05956290418524209,0.010159607634257934,0,3
8.6,0.00944848528659389,0.03951414528774043,0.07749890417683375,0.0065490401072845735,1,3
8.6,0.014063577509937374,0.17357228607692404,0.009864132296408822,0.023515138415699403,1,3
8.700000000000001,0.010287363154862362,0.059592682928197145,0.05959268292819728,0.010164596650893013,0,3
8.700000000000001,0.009444302710113095,0.03940641912431905,0.0776695358229935,0.006530236112045469,1,3
8.700000000000001,0.014067928231094947,0.17386450746283738,0.009825066212867684,0.023528399514938857,1,3
8.8,0.01028857024069278,0.05962247591104212,0.0596224759110418,0.01016958809933509,0,3
8.8,0.00944014514932384,0.03929919703769517,0.07783994091934321,0.006511536486187498,1,3
8.8,0.014072250109036144,0.17415623353224707,0.009786229557840405,0.023541568757021777,1,3
8.9,0.010289778053406416,0.05965228314222047,0.05965228314222227,0.010174581979734518,0,3
8.9,0.009436012376845566,0.03919247466768571,0.07801012149056451,0.006492940345001919,1,3
8.9,0.014076543399820946,0.17444746853887597,0.009747620202412297,0.023554647002901923,1,3
9.0,0.010290986593256555,0.0596821046301842,0.05968210463018442,0.01017957829223989,0,3
9.0,0.009431904168360815,0.03908624771523013,0.07818007953176959,0.006474446815192158,1,3
9.0,0.014080808356244773,0.1747382166751495,0.009709236047852033,0.0235676351020572,1,3
9.1,0.010292195860497153,0.05971194038338265,0.05971194038338288,0.01018457703699612,0,3
9.1,0.009427820302557169,0.03898051194117416,0.07834981700910817,0.0064560550346605145,1,3
9.1,0.014085045227901405,0.17502848207344474,0.009671075025020414,0.02358053389270239,1,3
9.200000000000001,0.010293405855380895,0.05974179041027232,0.05974179041027254,0.010189578214146068,0,3
9.200000000000001,0.009423760561071096,0.03887526316510458,0.07851933586033806,0.006437764152302518,1,3
9.200000000000001,0.014089254261237066,0.17531826880721477,0.009633135093794582,0.023593344201995648,1,3
9.3,0.010294616578160175,0.05977165471931235,0.05977165471931247,0.010194581823829778,0,3
9.3,0.009419724728434348,0.03877049726423593,0.07868863799536087,0.006419573327811405,1,3
9.3,0.014093435699604587,0.17560758089214315,0.009595414242498613,0.02360606684624096,1,3
9.4,0.010295828029086927,0.059801533318965955,0.059801533318964796,0.010199587866184754,0,3
9.4,0.009415712592018184,0.03866621017225431,0.07885772529680905,0.006401481731472921,1,3
9.4,0.014097589783323056,0.17589642228722593,0.00955791048737553,0.023618702631082417,1,3
9.5,0.010297040208412487,0.05983142621769676,0.0598314262176974,0.01020459634134529,0,3
9.5,0.009411723941983884,0.038562397878277054,0.07902659962053978,0.006383488543984222,1,3
9.5,0.014101716749732388,0.17618479689594252,0.009520621872023691,0.023631252351707974,1,3
9.600000000000001,0.010298253116387938,0.05986133342397755,0.0598613334239773,0.01020960724944398,0,3
9.600000000000001,0.009407758571229906,0.038459056425776614,0.07919526279617013,0.006365592956260719,1,3
9.600000000000001,0.014105816833239996,0.17647270856720584,0.009483546466899912,0.023643716793024367,1,3
9.700000000000001,0.010299466753263604,0.059891254946279074,0.059891254946279004,0.010214620590609746,0,3
9.700000000000001,0.009403816275343072,0.03835618191155175,0.07936371662758226,0.006347794169256733,1,3
9.700000000000001,0.014109890265374207,0.17676016109645232,0.00944668236879974,0.023656096729848725,1,3
9.8,0.010300681119289232,0.05992119079307171,0.05992119079308334,0.010219636364968237,0,3
9.8,0.009399896852549761,0.03825377048472385,0.07953196289341481,0.006330091393786842,1,3
9.8,0.0141139372748373,0.17704715822664369,0.009410027700358571,0.023668392927086612,1,3
9.9,0.01030189621471528,0.05995114097286167,0.05995114097285028,0.010224654572647835,0,3
9.9,0.009396000103668362,0.03815181834574903,0.07970000334755134,0.006312483850350694,1,3
9.9,0.01411795808755013,0.17733370364923307,0.009373580609574833,0.023680606139907225,1,3
10.0,0.010303112039789189,0.05998110549409261,0.05998110549409236,0.010229675213763076,0,3
10.0,0.009392125832064165,0.03805032174549172,0.07986783971955846,0.006294970768971341,1,3
10.0,0.01412195292670178,0.17761980100513022,0.009337339269331725,0.023692737113914505,1,3
10.100000000000001,0.010304328594760426,0.060011084365276926,0.06001108436527687,0.010234698288436829,0,3
10.100000000000001,0.009388273843601531,0.03794927698422769,0.08003547371520758,0.006277551389013276,1,3
10.100000000000001,0.01412592201279583,0.17790545388564083,0.009301301876936686,0.02370478658531513,1,3
10.200000000000001,0.010305545879876692,0.06004107759489846,0.060041077594898094,0.010239723796783808,0,3
10.200000000000001,0.009384443946602478,0.03784868041078997,0.08020290701686211,0.006260224959036611,1,3
10.200000000000001,0.014129865563695877,0.1781906658333746,0.009265466653670945,0.02371675528108182,1,3
10.3,0.010306763895385408,0.06007108519144957,0.060071085191449956,0.010244751738916891,0,3
10.3,0.00938063595180209,0.03774852842165449,0.08037014128393968,0.006242990736631131,1,3
10.3,0.014133783794670075,0.17847544034313895,0.00922983184434922,0.02372864391911338,1,3
10.4,0.010307982641533571,0.06010110716342799,0.06010110716342814,0.010249782114946556,0,3
10.4,0.009376849672306562,0.03764881746006608,0.08053717815334245,0.006225847988262143,1,3
10.4,0.014137676918434672,0.17875978086281022,0.009194395716889693,0.023740453208390924,1,3
10.5,0.010309202118567585,0.060131143519333,0.06013114351933298,0.010254814924980227,0,3
10.5,0.009373084923552096,0.03754954401519656,0.08070401923986534,0.006208795989120444,1,3
10.5,0.014141545145196444,0.17904369079418214,0.00915915656189462,0.023752183849130633,1,3
10.600000000000001,0.01031042232673338,0.06016119426766781,0.06016119426766767,0.010259850169122661,0,3
10.600000000000001,0.009369341523264414,0.037450704621309526,0.08087066613660794,0.006191834022973523,1,3
10.600000000000001,0.014145388682694373,0.1793271734937983,0.009124112692239894,0.023763836532933236,1,3
10.700000000000001,0.010311643266276357,0.06019125941693886,0.06019125941693875,0.010264887847475842,0,3
10.700000000000001,0.009365619291419646,0.037352295856953315,0.08103712041536965,0.006174961382022054,1,3
10.700000000000001,0.014149207736240349,0.1796102322737617,0.00908926244267485,0.02377541194292989,1,3
10.8,0.010312864937441426,0.0602213389756561,0.060221338975655875,0.010269927960139034,0,3
10.8,0.009361918050205718,0.03725431434416869,0.08120338362703612,0.006158177366758391,1,3
10.8,0.014153002508759211,0.17989287040253052,0.009054604169430188,0.023786910753925094,1,3
10.9,0.010314087340472953,0.06025143295233204,0.06025143295233253,0.010274970507208596,0,3
10.9,0.009358237623984376,0.03715675674770645,0.08136945730196943,0.006141481285826715,1,3
10.9,0.014156773200826549,0.18017509110568689,0.009020136249837213,0.023798333632536604,1,3
11.0,0.010315310475614826,0.06028154135548382,0.06028154135548439,0.0102800154887783,0,3
11.0,0.009354577839254858,0.03705961977428191,0.08153534295036581,0.006124872455890222,1,3
11.0,0.014160520010709008,0.18045689756670238,0.008985857081951295,0.023809681237331393,1,3
11.100000000000001,0.010316534343110391,0.06031166419363115,0.06031166419363088,0.010285062904939073,0,3
11.100000000000001,0.009350938524617597,0.036962900171829974,0.08170104206262459,0.006108350201497725,1,3
11.100000000000001,0.014164243134399197,0.1807382929276706,0.008951765084189343,0.02382095421896012,1,3
11.200000000000001,0.010317758943202414,0.06034180147529546,0.060341801475295796,0.010290112755778711,0,3
11.200000000000001,0.009347319510739052,0.03686659472878321,0.0818665561097013,0.006091913854954411,1,3
11.200000000000001,0.014167942765653791,0.1810192802900328,0.00891785869497131,0.02383215322028715,1,3
11.3,0.010318984276133245,0.060371953209004126,0.06037195320900415,0.01029516504138273,0,3
11.3,0.009343720630317336,0.03677070027336393,0.0820318865434562,0.0060755627561954375,1,3
11.3,0.014171619096028395,0.18129986271528514,0.00888413637237153,0.023843278876519065,1,3
11.4,0.010320210342144615,0.06040211940328565,0.06040211940328562,0.010300219761833417,0,3
11.4,0.009340141718048261,0.03667521367289681,0.08219703479698755,0.006059296252662033,1,3
11.4,0.014175272314912724,0.18158004322566912,0.008850596593777429,0.023854331815329505,1,3
11.5,0.010321437141477777,0.06043230006667257,0.060432300066672495,0.010305276917210414,0,3
11.5,0.009336582610592711,0.03658013183313299,0.08236200228496442,0.006043113699180759,1,3
11.5,0.01417890260956505,0.1818598248048477,0.008817237855555703,0.023865312656981757,1,3
11.600000000000001,0.010322664674373434,0.06046249520770062,0.060462495207700244,0.010310336507590539,0,3
11.600000000000001,0.00933304314654399,0.03648545169758361,0.08252679040395648,0.006027014457843917,1,3
11.600000000000001,0.014182510165145589,0.18213921039857475,0.008784058672724474,0.02387622201444941,1,3
11.700000000000001,0.010323892941071788,0.060492704834908824,0.06049270483490735,0.010315398533047757,0,3
11.700000000000001,0.009329523166396535,0.03639117024688314,0.08269140053273995,0.006010997897894697,1,3
11.700000000000001,0.01418609516474894,0.18241820291532304,0.008751057578637282,0.023887060493532453,1,3
11.8,0.010325121941812366,0.06052292895683737,0.0605229289568369,0.010320462993652886,0,3
11.8,0.00932602251251483,0.03629728449815115,0.08285583403261432,0.005995063395612723,1,3
11.8,0.014189657789436044,0.18269680522691512,0.008718233124672837,0.02389782869297205,1,3
11.9,0.01032635167683438,0.06055316758203294,0.0605531675820327,0.010325529889474452,0,3
11.9,0.00932254102910328,0.036203791504379836,0.08302009224769866,0.005979210334203628,1,3
11.9,0.014193198218265696,0.18297502016914294,0.00868558387992855,0.02390852720456334,1,3
12.0,0.010327582146376331,0.060583420719042984,0.06058342071904329,0.010330599220577705,0,3
12.0,0.009319078562176033,0.03611068835381348,0.08318417650524623,0.005963438103687567,1,3
12.0,0.01419671662832842,0.18325285054245666,0.008653108430900112,0.02391915661327076,1,3
12.100000000000001,0.010328813350676286,0.0606136883764195,0.060613688376419415,0.010335670987025283,0,3
12.100000000000001,0.014200213194771267,0.1835302991124076,0.008620805381227965,0.023929717497326808,1,3
12.100000000000001,0.00931563495952909,0.036017972169387596,0.08334808811589836,0.005947746100797489,1,3
12.200000000000001,0.010330045289971659,0.06064397056271571,0.06064397056271615,0.01034074518887663,0,3
12.200000000000001,0.014203688090830875,0.18380736861032673,0.00858867335138523,0.02394021042834372,1,3
12.200000000000001,0.0093122100707108,0.035925640108120376,0.08351182837400266,0.00593213372886991,1,3
12.3,0.010331277964499426,0.06067426728648994,0.06067426728649019,0.010345821826188642,0,3
12.3,0.014207141487861747,0.1840840617338676,0.008556710978404223,0.023950635971415554,1,3
12.3,0.009308803746994613,0.035833689360564434,0.08367539855786746,0.0059166003977453065,1,3
12.4,0.010332511374495913,0.06070457855630197,0.06070457855630241,0.010350900899015055,0,3
12.4,0.014210573555364103,0.1843603811475554,0.00852491691560326,0.023960994685219516,1,3
12.4,0.009305415841351533,0.03574211715023725,0.08383879993005418,0.005901145523666011,1,3
12.5,0.010333745520197024,0.06073490438071676,0.060734904380715285,0.010355982407407071,0,3
12.5,0.014213984461012638,0.1846363294833422,0.008493289832316576,0.023971287122115704,1,3
12.5,0.009302046208423105,0.035650920733080405,0.0840020337376371,0.005885768529177398,1,3
12.600000000000001,0.0103349804018379,0.060765244768297665,0.06076524476829766,0.010361066351412204,0,3
12.600000000000001,0.009298694704498069,0.0355600973969872,0.08416510121239684,0.0058704688430429456,1,3
12.600000000000001,0.014217374370682977,0.18491190934112736,0.008461828413633231,0.023981513828244105,1,3
12.700000000000001,0.010336216019653358,0.06079559972761675,0.0607955997276172,0.01036615273107601,0,3
12.700000000000001,0.00929536118748092,0.03546964446115033,0.08432800357122786,0.005855245900125715,1,3
12.700000000000001,0.014220743448478849,0.18518712328928497,0.008430531360139274,0.02399167534362023,1,3
12.8,0.01033745237387757,0.060825969267246593,0.06082596926724637,0.0103712415464407,0,3
12.8,0.009292045516872592,0.03537955927568543,0.0844907420162333,0.005840099141320228,1,3
12.8,0.014224091856757845,0.18546197386516455,0.008399397387666955,0.024001772202228256,1,3
12.9,0.01033868946474408,0.060856353395761696,0.06085635339576154,0.010376332797545351,0,3
12.9,0.00928874755374311,0.0352898392210685,0.0846533177350435,0.005825028013450204,1,3
12.9,0.014227419756158216,0.18573646357561363,0.008368425227045652,0.02401180493211375,1,3
13.0,0.01033992729248593,0.06088675212174058,0.06088675212174104,0.010381426484426345,0,3
13.0,0.00928546716070788,0.035200481707657945,0.08481573190104223,0.005810031969181793,1,3
13.0,0.014230727305622142,0.1860105948974249,0.008337613623865106,0.024021774055471606,1,3
13.100000000000001,0.010341165857335678,0.06091716545376643,0.06091716545376524,0.010386522607117352,0,3
13.100000000000001,0.009282204201904209,0.035111484175217804,0.08497798567359917,0.005795110466936776,1,3
13.100000000000001,0.014234014662422264,0.18628437027785444,0.00830696133823452,0.024031680088735876,1,3
13.200000000000001,0.010342405159524925,0.06094759340041673,0.06094759340042341,0.010391621165647671,0,3
13.200000000000001,0.0092789585429681,0.03502284409244971,0.0851400801982983,0.005780262970807365,1,3
13.200000000000001,0.014237281982185029,0.18655779213507193,0.008276467144553103,0.024041523542665345,1,3
13.3,0.010343645199285616,0.06097803597029283,0.06097803597029268,0.010396722160047066,0,3
13.3,0.009275730051011576,0.03493455895653365,0.08530201660716262,0.005765488950472628,1,3
13.3,0.014240529418914601,0.18683086285862258,0.008246129831282846,0.024051304922428258,1,3
13.4,0.010344885976848002,0.06100849317197259,0.061008493171972364,0.010401825590338056,0,3
13.4,0.009272518594600408,0.034846626292677096,0.08546379601887547,0.005750787881116128,1,3
13.4,0.014243757125016165,0.1871035848098773,0.008215948200726263,0.024061024727685322,1,3
13.5,0.010346127492442429,0.06103896501405301,0.06103896501405272,0.010406931456542777,0,3
13.5,0.009269324043732301,0.03475904365367738,0.08562541953899228,0.005736159243346102,1,3
13.5,0.0142469652513188,0.18737596032247403,0.008185921068808518,0.024070683452671177,1,3
13.600000000000001,0.01034736974629852,0.06106945150512993,0.06106945150512985,0.010412039758679773,0,3
13.600000000000001,0.009266146269815713,0.0346718086194913,0.0857868882601503,0.0057216025231168555,1,3
13.600000000000001,0.014250153947097938,0.1876479917027496,0.00815604726486407,0.02408028158627425,1,3
13.700000000000001,0.010348612738645338,0.06109995265380266,0.06109995265380235,0.01041715049676468,0,3
13.700000000000001,0.009262985145648139,0.0345849187967966,0.08594820326229324,0.005707117211648678,1,3
13.700000000000001,0.014253323360097296,0.18791968123016214,0.008126325631427624,0.024089819612114975,1,3
13.8,0.010349856469711238,0.06113046846867252,0.06113046846867169,0.01042226367080962,0,3
13.8,0.009259840545396886,0.034498371818611345,0.08610936561283404,0.005692702805357783,1,3
13.8,0.014256473636550521,0.18819103115770683,0.008096755024029059,0.02409929800862274,1,3
13.9,0.010351100939724312,0.06116099895834391,0.06116099895834387,0.010427379280825053,0,3
13.9,0.009256712344577598,0.03441216534385241,0.08627037636689479,0.005678358805775935,1,3
13.9,0.014259604921202401,0.1884620437123226,0.008067334310992528,0.02410871724911114,1,3
14.0,0.010352346148911737,0.06119154413142475,0.061191544131424906,0.010432497326816904,0,3
14.0,0.009253600420035103,0.03432629705695635,0.08643123656747853,0.005664084719480674,1,3
14.0,0.014262717357329589,0.1887327210952897,0.008038062373239679,0.024118077801851986,1,3
14.100000000000001,0.010353592097500216,0.06122210399652499,0.061222103996525196,0.010437617808788739,0,3
14.100000000000001,0.00925050464992384,0.034240764667483374,0.0865919472456666,0.005649880058022631,1,3
14.100000000000001,0.0142658110867611,0.18900306548262122,0.008008938104096492,0.024127380130147855,1,3
14.200000000000001,0.010354838785715923,0.061252678562257745,0.061252678562257794,0.01044274072674115,0,3
14.200000000000001,0.009247424913689078,0.03415556590974066,0.08675250942079882,0.005635744337856572,1,3
14.200000000000001,0.014268886249898303,0.18927307902544624,0.00797996040910394,0.02413662469240328,1,3
14.3,0.01035608621378436,0.06128326783723848,0.061283267837238566,0.010447866080671539,0,3
14.3,0.0092443610920475,0.03407069854239274,0.08691292410067188,0.005621677080269259,1,3
14.3,0.014271942985734597,0.18954276385038465,0.007951128205832617,0.02414581194219462,1,3
14.4,0.010357334381930478,0.06131387183008585,0.06131387183008591,0.010452993870574313,0,3
14.4,0.009241313066970007,0.033986160348115343,0.087073192281696,0.005607677811316527,1,3
14.4,0.014274981431874676,0.18981212205991535,0.007922440423700664,0.024154942328338567,1,3
14.5,0.010358583290378597,0.0613444905494211,0.06134449054942101,0.010458124096440828,0,3
14.5,0.009238280721662724,0.03390194913321628,0.08723331494909,0.005593746061752779,1,3
14.5,0.014278001724553645,0.1900811557327392,0.007893896003795116,0.024164016294959647,1,3
14.600000000000001,0.010359832939352448,0.0613751240038679,0.06137512400386793,0.01046325675825926,0,3
14.600000000000001,0.009235263940549734,0.03381806272728823,0.0873932930770471,0.005579881366967267,1,3
14.600000000000001,0.014281003998655437,0.19034986692413133,0.007865493898697192,0.024173034281556097,1,3
14.700000000000001,0.010361083329075246,0.06140577220205331,0.06140577220205332,0.01046839185601501,0,3
14.700000000000001,0.009232262609255783,0.033734498982863,0.08755312762890269,0.00556608326692032,1,3
14.700000000000001,0.014283988387731233,0.19061825766628782,0.007837233072310634,0.02418199672306479,1,3
14.8,0.010362334459769498,0.0614364351526066,0.06143643515260645,0.01047352938969017,0,3
14.8,0.009229276614589475,0.0336512557750744,0.08771281955729714,0.005552351306081296,1,3
14.8,0.014286955024017419,0.19088632996866894,0.0078091124996930075,0.024190904049924942,1,3
14.9,0.010363586331657154,0.06146711286415967,0.061467112864159505,0.01047866935926376,0,3
14.9,0.009226305844525884,0.0335683310013119,0.08787236980435122,0.005538685033364023,1,3
14.9,0.01428990403845316,0.1911540858183326,0.007781131166890665,0.024199756688140717,1,3
15.0,0.010364838944959535,0.0614978053453471,0.06149780534534731,0.010483811764711755,0,3
15.0,0.009223350188190753,0.03348572258090572,0.08803177930181187,0.005525084002068627,1,3
15.0,0.01429283556069773,0.1914215271802602,0.0077532880707768944,0.024208555059342433,1,3
15.100000000000001,0.010366092299897366,0.061528512604806414,0.06152851260480698,0.010488956606007028,0,3
15.100000000000001,0.009220409535844413,0.03340342845480175,0.08819104897121474,0.005511547769822248,1,3
15.100000000000001,0.014295749719147597,0.19168865599768142,0.007725582218892576,0.02421729958084702,1,3
15.200000000000001,0.01036734639669082,0.061559234651178345,0.061559234651178074,0.010494103883119514,0,3
15.200000000000001,0.009217483778865663,0.03332144658524394,0.08835017972403812,0.005498075898519057,1,3
15.200000000000001,0.014298646640953133,0.19195547419238854,0.00769801262929031,0.02422599066571726,1,3
15.3,0.010368601235559313,0.061589971493104224,0.06158997149310395,0.01049925359601559,0,3
15.3,0.009214572809736475,0.03323977495546766,0.08850917246185153,0.005484667954263898,1,3
15.3,0.014301526452034937,0.19222198366504403,0.007670578330381554,0.024234628722819732,1,3
15.4,0.010369856816721774,0.06162072313922965,0.061620723139229575,0.010504405744658876,0,3
15.4,0.00921167652202657,0.03315841156939331,0.0886680280764662,0.005471323507315245,1,3
15.4,0.01430438927710019,0.19248818629549297,0.007643278360785598,0.02424321415688235,1,3
15.5,0.010371113140396472,0.06165148959820272,0.061651489598202436,0.010509560329009819,0,3
15.5,0.009208794810378748,0.033077354451332364,0.08882674745007657,0.005458042132030791,1,3
15.5,0.014307235239658166,0.19275408394304083,0.007616111769183644,0.02425174736854976,1,3
15.600000000000001,0.010372370206801025,0.06168227087867319,0.06168227087867327,0.01051471734902557,0,3
15.600000000000001,0.009205927570493884,0.03299660164569115,0.08898533145540573,0.005444823406812133,1,3
15.600000000000001,0.014310064462036313,0.1930196784467796,0.007589077614171797,0.024260228754439582,1,3
15.700000000000001,0.010373628016152483,0.06171306698929452,0.06171306698929448,0.01051987680466032,0,3
15.700000000000001,0.009203074699116685,0.032916151216685556,0.08914378095584377,0.00543166691405174,1,3
15.700000000000001,0.014312877065395118,0.19328497162584413,0.007562174964121052,0.02426865870719552,1,3
15.8,0.010374886568667235,0.061743877938721776,0.061743877938721735,0.010525038695864977,0,3
15.8,0.009200236094021404,0.03283600124805898,0.08930209680558482,0.005418572240080371,1,3
15.8,0.014315673169743488,0.1935499652797116,0.007535402897036663,0.024277037615541185,1,3
15.9,0.010376145864561055,0.06177470373561293,0.0617747037356129,0.010530203022587337,0,3
15.9,0.00919741165399796,0.03275614984280565,0.08946027984976189,0.005405538975115506,1,3
15.9,0.014318452893953322,0.1938146611884666,0.0075087605004218756,0.02428536586433207,1,3
16.0,0.010377405904049073,0.06180554438862836,0.06180554438862839,0.010535369784771985,0,3
16.0,0.009194601278838248,0.03267659512289886,0.08961833092457899,0.005392566713210595,1,3
16.0,0.014321216355774106,0.19407906111308829,0.007482246871142746,0.02429364383460728,1,3
16.1,0.01037866668734581,0.06183639990643115,0.06183639990643091,0.010540538982360395,0,3
16.1,0.009191804869322672,0.03259733522902454,0.08977625085744051,0.005379655052205271,1,3
16.1,0.014323963671847505,0.19434316679570646,0.007455861115296699,0.024301871903639895,1,3
16.2,0.010379928214665112,0.06186727029768613,0.061867270297686225,0.010545710615290728,0,3
16.2,0.009189022327206928,0.03251836832031961,0.08993404046707815,0.005366803593676355,1,3
16.2,0.014326694957721023,0.1946069799598657,0.007429602348082643,0.024310050444986468,1,3
16.3,0.010381190486220241,0.061898155571061556,0.061898155571061736,0.010550884683498107,0,3
16.3,0.00918625355520903,0.032439692574113936,0.0900917005636771,0.005354011942889687,1,3
16.3,0.014329410327862089,0.1948705023107841,0.007403469693673793,0.024318179828536058,1,3
16.400000000000002,0.010382453502223788,0.06192905573522756,0.06192905573522773,0.010556061186914373,0,3
16.400000000000002,0.009183498456996545,0.0323613061856788,0.09024923194899738,0.005341279708752842,1,3
16.400000000000002,0.014332109895671559,0.19513373553560637,0.007377462285092514,0.024326260420558014,1,3
16.5,0.010383717262887717,0.06195997079885687,0.061959970798856796,0.010561240125468174,0,3
16.5,0.009180756937174014,0.0322832073679776,0.09040663541649586,0.005328606503768477,1,3
16.5,0.014334793773497013,0.1953966813036511,0.007351579264087801,0.02433429258374938,1,3
16.6,0.01038498176842331,0.0619909007706242,0.061990900770624136,0.010566421499084868,0,3
16.6,0.009178028901270794,0.03220539435142585,0.09056391175144059,0.0053159919439893025,1,3
16.6,0.014337462072646504,0.19565934126665913,0.007325819781013428,0.02434227667728077,1,3
16.7,0.01038624701904126,0.062021845659207084,0.06202184565920704,0.010571605307686653,0,3
16.7,0.009175314255728607,0.03212786538364487,0.09072106173103449,0.005303435648971698,1,3
16.7,0.014340114903400276,0.19592171705902403,0.00730018299471198,0.0243502130568427,1,3
16.8,0.010387513014951565,0.0620528054732853,0.06205280547328525,0.010576791551192505,0,3
16.8,0.00917261290788989,0.03205061872923358,0.09087808612452174,0.005290937241732715,1,3
16.8,0.014342752375024862,0.19618381029804216,0.007274668072395087,0.024358102074689927,1,3
16.900000000000002,0.010388779756363604,0.062083780221540895,0.062083780221540916,0.010581980229518104,0,3
16.900000000000002,0.009169924765986045,0.031973652669534024,0.09103498569330441,0.005278496348706219,1,3
16.900000000000002,0.014345374595784364,0.19644562258411655,0.007249274189533822,0.024365944079684815,1,3
17.0,0.01039004724348606,0.06211476991265833,0.06211476991265837,0.010587171342575918,0,3
17.0,0.009167249739125869,0.031896965502405616,0.09119176119105045,0.00526611259970014,1,3
17.0,0.014347981672954056,0.1967071555010285,0.007224000529739477,0.024373739417342746,1,3
17.1,0.010391315476527014,0.06214577455532426,0.06214577455532441,0.010592364890275135,0,3
17.1,0.00916458773728424,0.03182055554200135,0.09134841336380338,0.005253785627854324,1,3
17.1,0.014350573712831365,0.19696841061611872,0.007198846284659549,0.02438148842987255,1,3
17.2,0.010392584455693857,0.062176794158227994,0.062176794158227855,0.010597560872521734,0,3
17.2,0.009161938671291002,0.03174442111854975,0.09150494295008678,0.005241515069599339,1,3
17.2,0.014353150820748397,0.1972293894805278,0.0071738106538660725,0.02438919145621959,1,3
17.3,0.010393854181193317,0.06220782873006032,0.06220782873006032,0.010602759289218272,0,3
17.3,0.009159302452820003,0.03166856057813865,0.09166135068101001,0.005229300564615529,1,3
17.3,0.014355713101083484,0.19749009362940745,0.00714889284474963,0.024396848832106726,1,3
17.400000000000002,0.010395124653231455,0.06223887827951492,0.062238878279515214,0.010607960140264128,0,3
17.400000000000002,0.00915667899437844,0.03159297228250441,0.09181763728037062,0.005217141755793779,1,3
17.400000000000002,0.01435826065727278,0.19775052458213316,0.007124092072414473,0.024404460890074958,1,3
17.5,0.010396395872013704,0.06226994281528801,0.062269942815288026,0.010613163425555485,0,3
17.5,0.0091540682092961,0.03151765460882282,0.09197380346475514,0.005205038289195184,1,3
17.5,0.014360793591821632,0.19801068384251183,0.007099407559575672,0.024412027959523196,1,3
17.6,0.01039766783774478,0.0623010223460771,0.06230102234607705,0.010618369144985004,0,3
17.6,0.009151470011714345,0.031442605949499554,0.09212984994364194,0.00519298981400998,1,3
17.6,0.014363312006315203,0.19827057289896524,0.0070748385364618645,0.024419550366746458,1,3
17.7,0.01039894055062876,0.062332116880582544,0.06233211688058238,0.010623577298442185,0,3
17.7,0.009148884316578051,0.03136782471199152,0.09228577741948046,0.00518099598252839,1,3
17.7,0.014365816001431332,0.1985301932248092,0.0070503842407010605,0.02442702843497872,1,3
17.8,0.010400214010869024,0.06236322642750645,0.062363226427506524,0.010628787885813134,0,3
17.8,0.009146311039622637,0.03129330931857589,0.09244158658781651,0.005169056450091246,1,3
17.8,0.01436830567694884,0.19878954627834508,0.007026043917242825,0.02443446248442503,1,3
17.900000000000002,0.010401488218668297,0.06239435099555373,0.06239435099555378,0.010634000906980731,0,3
17.900000000000002,0.009143750097366036,0.031219058206179706,0.09259727813736394,0.005157170875060702,1,3
17.900000000000002,0.014370781131759793,0.1990486335031203,0.007001816818249767,0.024441852832302623,1,3
18.0,0.010402763174228623,0.06242549059343074,0.06242549059343102,0.010639216361824421,0,3
18.0,0.009141201407098442,0.031145069826182547,0.09275285275010314,0.005145338918782129,1,3
18.0,0.014373242463879617,0.19930745632810323,0.006977702203006029,0.024449199792876793,1,3
18.1,0.010404038877751357,0.06245664522984655,0.062456645229846855,0.010644434250220368,0,3
18.1,0.009138664886872587,0.031071342644227187,0.09290831110137357,0.005133560245547793,1,3
18.1,0.014375689770457407,0.19956601616787337,0.006953699337823781,0.024456503677497125,1,3
18.2,0.010405315329437224,0.062487814913512504,0.06248781491351188,0.01064965457204147,0,3
18.2,0.009136140455494482,0.030997875140036674,0.09306365385996154,0.005121834522562165,1,3
18.2,0.014378123147785868,0.19982431442280202,0.006929807495952893,0.024463764794633053,1,3
18.3,0.010406592529486102,0.06251899965314024,0.06251899965314009,0.010654877327156927,0,3
18.3,0.009133628032513896,0.030924665807230096,0.09321888168819098,0.005110161419906859,1,3
18.3,0.0143805426913122,0.2000823524792417,0.006906025957489174,0.024470983449909188,1,3
18.400000000000002,0.010407870478097376,0.06255019945744567,0.06255019945744594,0.010660102515432928,0,3
18.400000000000002,0.00913112753821575,0.030851713153154256,0.09337399524199712,0.0050985406105081895,1,3
18.400000000000002,0.014382948495646444,0.20034013170969536,0.00688235400928828,0.0244781599461396,1,3
18.5,0.010409149175469617,0.06258141433514494,0.06258141433514734,0.010665330136732036,0,3
18.5,0.009128638893610522,0.030779015698694994,0.09352899517102799,0.005086971770101628,1,3
18.5,0.014385340654572837,0.20059765347300074,0.0068587909448765885,0.02448529458336177,1,3
18.6,0.010410428621800765,0.06261264429495833,0.06261264429496248,0.010670560190913728,0,3
18.6,0.00912616202042495,0.030706571978098635,0.09368388211873514,0.0050754545771970454,1,3
18.6,0.014387719261058552,0.2008549191145041,0.006835336064366435,0.024492387658870376,1,3
18.7,0.010411708817288172,0.06264388934560945,0.0626438893456106,0.010675792677834386,0,3
18.7,0.009123696841095185,0.030634380538835358,0.0938386567224139,0.005063988713053226,1,3
18.7,0.014390084407262662,0.2011119299662077,0.006811988674374678,0.024499439467250094,1,3
18.8,0.0104129897621282,0.06267514949581776,0.06267514949581804,0.01068102759734584,0,3
18.8,0.009121243278756172,0.030562439941396388,0.09399331961332881,0.0050525738616382055,1,3
18.8,0.01439243618454638,0.201368687346983,0.006788748087933321,0.024506450300407656,1,3
18.900000000000002,0.01041427145651672,0.06270642475430926,0.06270642475430899,0.010686264949297392,0,3
18.900000000000002,0.009118801257234218,0.030490748759146053,0.09414787141677293,0.005041209709601596,1,3
18.900000000000002,0.014394774683481694,0.2016251925626909,0.006765613624415045,0.024513420447604507,1,3
19.0,0.01041555390064883,0.06273771512981152,0.06273771512981005,0.010691504733534786,0,3
19.0,0.009116370701038528,0.030419305578159077,0.09430231275214654,0.00502989594624296,1,3
19.0,0.014397099993860529,0.201881446906367,0.006742584609449256,0.024520350195487886,1,3
19.1,0.010416837094719005,0.06276902063105318,0.06276902063105107,0.010696746949900275,0,3
19.1,0.009113951535352908,0.03034810899705866,0.09445664423303811,0.005018632263480836,1,3
19.1,0.014399412204700788,0.202137451658383,0.0067196603748414675,0.024527239828121206,1,3
19.200000000000003,0.010418121038920937,0.06280034126676456,0.06280034126676334,0.010701991598232553,0,3
19.200000000000003,0.009111543686027828,0.030277157626862533,0.09461086646729608,0.005007418355823066,1,3
19.200000000000003,0.014401711404267227,0.20239320808654196,0.006696840258512075,0.024534089627012694,1,3
19.3,0.01041940573344762,0.06283167704567956,0.06283167704567881,0.010707238678367184,0,3
19.3,0.00910914707957238,0.030206450090826772,0.0947649800571065,0.004996253920336741,1,3
19.3,0.014403997680057554,0.2026487174463817,0.006674123604385267,0.024540899871154456,1,3
19.400000000000002,0.010420691178491346,0.06286302797653195,0.06286302797653315,0.010712488190135967,0,3
19.400000000000002,0.00910676164314661,0.030135985024299042,0.0949189855990586,0.004985138656619923,1,3
19.400000000000002,0.014406271118832362,0.20290398098115997,0.006651509762350549,0.02454767083703979,1,3
19.5,0.010421977374243654,0.06289439406806031,0.06289439406806105,0.010717740133367747,0,3
19.5,0.009104387304553554,0.030065761074559844,0.09507288368423165,0.004974072266771007,1,3
19.5,0.014408531806613091,0.20315899992209774,0.0066289980881685945,0.024554402798699266,1,3
19.6,0.010423264320895496,0.06292577532900022,0.06292577532900398,0.010722994507887013,0,3
19.6,0.00910202399223225,0.029995776900693764,0.09522667489823933,0.004963054455363659,1,3
19.6,0.014410779828692313,0.20341377548850176,0.006606587943404418,0.024561096027728487,1,3
19.700000000000003,0.010424552018636886,0.06295717176809394,0.06295717176809985,0.01072825131351568,0,3
19.700000000000003,0.009099671635248852,0.029926031173406496,0.09538035982135304,0.004952084929412335,1,3
19.700000000000003,0.014413015269641992,0.20366830888791176,0.006584278695354774,0.02456775079331566,1,3
19.8,0.010425840467657281,0.0629885833940874,0.06298858339408736,0.010733510550072505,0,3
19.8,0.009097330163291662,0.029856522574946406,0.09553393902848277,0.004941163398355442,1,3
19.8,0.01441523821332113,0.2039226013162424,0.006562069716977965,0.024574367362269707,1,3
19.900000000000002,0.010427129668145418,0.06302001021571735,0.06302001021571729,0.010738772217370787,0,3
19.900000000000002,0.009094999506661643,0.02978724979890372,0.09568741308932806,0.004930289574017999,1,3
19.900000000000002,0.014417448742883912,0.20417665395792406,0.006539960386824473,0.024580945999047716,1,3
20.0,0.010428419620289203,0.06305145224173232,0.06305145224173246,0.01074403631522214,0,3
20.0,0.009092679596266374,0.029718211550103103,0.0958407825684028,0.0049194631705901945,1,3
20.0,0.014419646940787408,0.20443046798603984,0.006517950088968735,0.024587486965781873,1,3
20.1,0.010429710324275872,0.06308290948087757,0.06308290948088173,0.01074930284343369,0,3
20.1,0.009090370363612845,0.029649406544462097,0.09599404802510846,0.004908683904599865,1,3
20.1,0.01442183288879934,0.20468404456246547,0.006496038212941846,0.024593990522306243,1,3
20.200000000000003,0.010431001780292014,0.06311438194191066,0.06311438194190787,0.010754571801811016,0,3
20.200000000000003,0.009088071740800415,0.029580833508856964,0.0961472100138001,0.004897951494886636,1,3
20.200000000000003,0.014424006668005172,0.2049373848379949,0.0064742241536658906,0.024600456926182748,1,3
20.3,0.010432293988523224,0.06314586963357145,0.06314586963356997,0.010759843190152723,0,3
20.3,0.009085783660514397,0.029512491180994166,0.09630026908384302,0.0048872656625765796,1,3
20.3,0.014426168358816233,0.2051904899524806,0.006452507311388086,0.024606886432727265,1,3
20.400000000000002,0.01043358694915462,0.06317737256461818,0.0631773725646163,0.010765117008256796,0,3
20.400000000000002,0.009083506056018627,0.02944437830927736,0.09645322577968504,0.004876626131057044,1,3
20.400000000000002,0.014428318040976652,0.20544336103495958,0.006430887091617797,0.024613279295034856,1,3
20.5,0.010434880662370442,0.0632088907438031,0.06320889074380236,0.010770393255916368,0,3
20.5,0.009081238861149468,0.02937649365267688,0.09660608064091537,0.004866032625950214,1,3
20.5,0.014430455793570485,0.20569599920377932,0.006409362905062139,0.024619635764005054,1,3
20.6,0.010436175128354257,0.06324042417988318,0.0632404241798832,0.010775671932921522,0,3
20.6,0.009078982010309539,0.029308835980626426,0.09675883420230191,0.004855484875094109,1,3
20.6,0.014432581695029072,0.2059484055667291,0.006387934167564067,0.02462595608836677,1,3
20.700000000000003,0.010437470347288941,0.06327197288161888,0.06327197288161397,0.010780953039059018,0,3
20.700000000000003,0.009076735438459403,0.02924140407285187,0.09691148699390756,0.004844982608507878,1,3
20.700000000000003,0.014434695823138053,0.20620058122115617,0.006366600300042828,0.024632240514701944,1,3
20.8,0.010438766319356264,0.06330353685776025,0.06330353685776043,0.010786236574110292,0,3
20.8,0.009074499081114532,0.02917419671931205,0.09706403954107211,0.004834525558381796,1,3
20.8,0.014436798255044167,0.2064525272540945,0.006345360728431497,0.02463848928747045,1,3
20.900000000000002,0.010440063044737796,0.0633351161170767,0.06333511611707666,0.010791522537855851,0,3
20.900000000000002,0.009072272874336226,0.02910721272003318,0.09721649236452497,0.004824113459043439,1,3
20.900000000000002,0.01443888906726211,0.2067042447423811,0.006324214883618859,0.02464470264903323,1,3
21.0,0.010441360523613967,0.0633667106683273,0.06336671066832726,0.01079681093007083,0,3
21.0,0.009070056754726328,0.0290404508849954,0.09736884598044239,0.0048137460469365075,1,3
21.0,0.014440968335681162,0.20695573475277493,0.006303162201390769,0.024650880839675787,1,3
21.1,0.010442658756164565,0.06339832052027573,0.06339832052027602,0.010802101750527222,0,3
21.1,0.009067850659421547,0.02897391003404288,0.09752110090045665,0.004803423060601898,1,3
21.1,0.014443036135572806,0.20720699834207718,0.006282202122372092,0.024657024097631382,1,3
21.200000000000003,0.010443957742568634,0.06342994568168789,0.06342994568168778,0.010807394998993563,0,3
21.200000000000003,0.014445092541595133,0.20745803655723852,0.006261334091970825,0.024663132659103297,1,3
21.200000000000003,0.009065654526087511,0.028907588996746572,0.09767325763175674,0.004793144240652973,1,3
21.3,0.010445257483004384,0.06346158616132977,0.06346158616132977,0.010812690675234483,0,3
21.3,0.01444713762780161,0.20770885043547996,0.006240557560321408,0.02466920675828758,1,3
21.3,0.00906346829291218,0.028841486612295162,0.09782531667712513,0.0047829093297519255,1,3
21.400000000000002,0.010446557977649349,0.06349324196797004,0.06349324196797006,0.010817988779011257,0,3
21.400000000000002,0.014449171467646127,0.2079594410043987,0.006219871982230755,0.02467524662739512,1,3
21.400000000000002,0.009061291898600651,0.02877560172938857,0.09797727853499073,0.004772718072590158,1,3
21.5,0.010447859226680253,0.06352491311037839,0.0635249131103784,0.010823289310081424,0,3
21.5,0.014451194133989405,0.20820980928207763,0.006199276817123058,0.024681252496672516,1,3
21.5,0.009059125282369228,0.028709933206126952,0.09812914369948164,0.004762570215865899,1,3
21.6,0.010449161230273046,0.06355659959732585,0.06355659959732604,0.010828592268198876,0,3
21.6,0.014453205699105937,0.2084599562772017,0.006178771528986635,0.024687224594425173,1,3
21.6,0.009056968383939814,0.028644479909901707,0.09828091266047924,0.0047524655082631685,1,3
21.700000000000003,0.01045046398860294,0.06358830143758543,0.06358830143758529,0.010833897653113966,0,3
21.700000000000003,0.01445520623468914,0.20870988298915322,0.006158355586321773,0.024693163147036887,1,3
21.700000000000003,0.009054821143534404,0.02857924071729154,0.09843258590366545,0.004742403700430881,1,3
21.8,0.010451767501844313,0.06362001863993064,0.06362001863993041,0.010839205464573204,0,3
21.8,0.014457195811858135,0.20895959040812934,0.006138028462087122,0.024699068378991655,1,3
21.8,0.009052683501870879,0.02851421451394369,0.09858416391059702,0.004732384544960242,1,3
21.900000000000002,0.010453071770170802,0.06365175121313679,0.06365175121313686,0.010844515702319554,0,3
21.900000000000002,0.014459174501163073,0.2092090795152265,0.006117789633652746,0.024704940512893347,1,3
21.900000000000002,0.009050555400150845,0.028449400194534492,0.09873564715864457,0.004722407796373995,1,3
22.0,0.010454376793755287,0.06368349916598107,0.06368349916598104,0.010849828366092353,0,3
22.0,0.01446114237259161,0.20945835128256382,0.006097638582745034,0.024710779769486903,1,3
22.0,0.009048436780067946,0.028384796662541407,0.09888703612126047,0.004712473211087278,1,3
22.1,0.010455682572769845,0.06371526250724131,0.0637152625072412,0.010855143455627197,0,3
22.1,0.014463099495574632,0.2097074066733706,0.00607757479540066,0.024716586367677845,1,3
22.1,0.009046327583788923,0.028320402830269473,0.09903833126780708,0.004702580547406775,1,3
22.200000000000003,0.010456989107385715,0.06374704124569673,0.06374704124569675,0.010860460970655938,0,3
22.200000000000003,0.014465045938989644,0.2099562466420819,0.006057597761911992,0.02472236052455177,1,3
22.200000000000003,0.009044227753955372,0.02825621761869064,0.09918953306371278,0.004692729565502194,1,3
22.3,0.010458296397773448,0.06377883539012809,0.06377883539012844,0.010865780910906822,0,3
22.3,0.01446698177117321,0.21020487213446223,0.0060377069767911596,0.024728102455394346,1,3
22.3,0.009042137233677089,0.028192239957356903,0.09934064197049766,0.004682920027388012,1,3
22.400000000000002,0.010459604444102728,0.06381064494931774,0.06381064494931779,0.010871103276104434,0,3
22.400000000000002,0.014468907059917224,0.21045328408765837,0.006017901938708093,0.024733812373710216,1,3
22.400000000000002,0.009040055966527185,0.028128468784305905,0.09949165844581971,0.004673151696905341,1,3
22.5,0.010460913246542473,0.06384246993204833,0.06384246993204844,0.010876428065969463,0,3
22.5,0.014470821872480616,0.21070148343033213,0.0059981821504502646,0.02473949049124213,1,3
22.5,0.009037983896537153,0.02806490304596933,0.09964258294351445,0.004663424339702989,1,3
22.6,0.010462222805260804,0.06387431034710465,0.0638743103471046,0.010881755280219051,0,3
22.6,0.01447272627559425,0.21094947108273496,0.00597854711888235,0.02474513701798847,1,3
22.6,0.009035920968191608,0.028001541697068765,0.09979341591365565,0.004653737723217807,1,3
22.700000000000003,0.01046353312042504,0.06390616620327207,0.06390616620327207,0.010887084918566492,0,3
22.700000000000003,0.009033867126424136,0.027938383700544047,0.09994415780257024,0.004644091616659075,1,3
22.700000000000003,0.01447462033546332,0.21119724795680164,0.005958996354889098,0.024750752162223513,1,3
22.8,0.010464844192201658,0.06393803750933748,0.06393803750933744,0.010892416980721303,0,3
22.8,0.009031822316611864,0.027875428027444613,0.10009480905290738,0.00463448579098793,1,3
22.8,0.014476504117776075,0.21144481495625642,0.005939529373337135,0.02475633613051509,1,3
22.900000000000002,0.010466156020756465,0.06396992427408903,0.06396992427408901,0.010897751466389558,0,3
22.900000000000002,0.009029786484571095,0.027812673656847097,0.10024537010367185,0.0046249200189007,1,3
22.900000000000002,0.01447837768770655,0.21169217297667395,0.00592014569303344,0.02476188912774063,1,3
23.0,0.0104674686062543,0.06400182650631574,0.0640018265063157,0.010903088375273245,0,3
23.0,0.009027759576552575,0.027750119575767677,0.10039584139026508,0.004615394074811209,1,3
23.0,0.014480241109920888,0.21193932290558917,0.005900844836676845,0.024767411357107017,1,3
23.1,0.010468781948859071,0.06403374421480475,0.06403374421481041,0.010908427707070244,0,3
23.1,0.009025741539237039,0.02768776477907793,0.10054622334452165,0.004605907734834194,1,3
23.1,0.014482094448582616,0.2121862656225936,0.005881626330813252,0.024772903020168532,1,3
23.200000000000003,0.010470096048734686,0.06406567740835754,0.06406567740835613,0.010913769461476356,0,3
23.200000000000003,0.009023732319730407,0.027625608269414237,0.10069651639476448,0.004596460776766551,1,3
23.200000000000003,0.014483937767356353,0.21243300199937895,0.005862489705803355,0.024778364316840558,1,3
23.3,0.010471410906042934,0.06409762609575474,0.06409762609575465,0.010919113638180893,0,3
23.3,0.009021731865559752,0.027563649057096056,0.10084672096582714,0.004587052980072399,1,3
23.3,0.014485771129414278,0.21267953289987204,0.005843434495768835,0.024783795445420684,1,3
23.400000000000002,0.010472726520945786,0.06412959028579586,0.06412959028579501,0.010924460236871658,0,3
23.400000000000002,0.009019740124668595,0.02750188616004414,0.10099683747910587,0.004577684125865231,1,3
23.400000000000002,0.01448759459743991,0.21292585918027804,0.005824460238560868,0.024789196602602506,1,3
23.5,0.010474042893603989,0.06416156998727404,0.0641615699872728,0.010929809257231495,0,3
23.5,0.009017757045412593,0.027440318603697927,0.10114686635259225,0.004568353996892016,1,3
23.5,0.014489408233633703,0.213171981689194,0.005805566475711894,0.02479456798349421,1,3
23.6,0.01047536002417747,0.06419356520898113,0.06419356520898593,0.010935160698939303,0,3
23.6,0.014491212099717316,0.21341790126766827,0.005786752752401157,0.024799909781633538,1,3
23.6,0.0090157825765554,0.027378945420934227,0.10129680800091391,0.004559062377516858,1,3
23.700000000000003,0.010476677912825711,0.06422557595972371,0.0642255759597238,0.010940514561672145,0,3
23.700000000000003,0.014493006256938439,0.21366361874928905,0.005768018617412785,0.024805222189004307,1,3
23.700000000000003,0.009013816667264385,0.027317765651987902,0.10144666283537232,0.004549809053705014,1,3
23.8,0.010477996559706786,0.06425760224829023,0.06425760224829034,0.010945870845100313,0,3
23.8,0.014494790766075556,0.21390913496026218,0.005749363623097589,0.02481050539605257,1,3
23.8,0.00901185926710643,0.027256778344373362,0.10159643126397964,0.004540593813007094,1,3
23.900000000000002,0.010479315964978317,0.06428964408348224,0.06428964408348174,0.010951229548892164,0,3
23.900000000000002,0.009009910326043875,0.02719598255280844,0.1017461136914933,0.004531416444543713,1,3
23.900000000000002,0.014496565687442276,0.21415445071948708,0.005730787325334711,0.024815759591701816,1,3
24.0,0.010480636128796957,0.06432170147409812,0.06432170147409806,0.010956590672711564,0,3
24.0,0.014498331080892294,0.2143995668386428,0.005712289283491787,0.024820984963369316,1,3
24.0,0.00900796979443043,0.027135377339135795,0.10189571051945664,0.0045222767389897335,1,3
24.1,0.010481957051318581,0.06435377442893886,0.06435377442893891,0.010961954216218801,0,3
24.1,0.009006037623007255,0.02707496177225088,0.10204522214622881,0.004513174488559631,1,3
24.1,0.01450008700582331,0.21464448412224585,0.005693869060392052,0.024826181696980157,1,3
24.200000000000003,0.010483278732698095,0.06438586295681709,0.06438586295679684,0.010967320179072388,0,3
24.200000000000003,0.009004113762898577,0.027014734928018962,0.10219464896703206,0.004504109486991096,1,3
24.200000000000003,0.014501833521181841,0.21488920336774098,0.00567552622227341,0.02483134997698338,1,3
24.3,0.010484601173089851,0.06441796706650585,0.06441796706649551,0.010972688560919252,0,3
24.3,0.009002198165608708,0.026954695889225663,0.10234399137395257,0.004495081529533678,1,3
24.3,0.01450357068546744,0.2151337253655678,0.005657260338753788,0.024836489986366426,1,3
24.400000000000002,0.010485924372647145,0.06445008676682784,0.06445008676682266,0.010978059361411645,0,3
24.400000000000002,0.009000290783017638,0.02689484374545691,0.10249324975605185,0.004486090412928495,1,3
24.400000000000002,0.014505298556737052,0.2153780508992354,0.005639070982795137,0.024841601906670046,1,3
24.5,0.010487248331522378,0.06448222206658506,0.0644822220665832,0.010983432580193984,0,3
24.5,0.008998391567376507,0.026835177593093035,0.10264242449928403,0.004477135935400136,1,3
24.5,0.014507017192609087,0.21562218074538805,0.005620957730669467,0.024846685918002345,1,3
24.6,0.010488573049867136,0.06451437297458205,0.06451437297458128,0.010988808216907063,0,3
24.6,0.00899650047130526,0.026775696535183274,0.10279151598663316,0.00446821789663787,1,3
24.6,0.014508726650268162,0.21586611567389766,0.005602920161917898,0.02485174219905449,1,3
24.700000000000003,0.0104898985278324,0.06454653949962356,0.06454653949962266,0.010994186271187494,0,3
24.700000000000003,0.008994617447788096,0.026716399681401725,0.10294052459809659,0.00445933609778342,1,3
24.700000000000003,0.014510426986468003,0.2161098564478927,0.005584957859326813,0.024856770927112193,1,3
24.8,0.010491224765567818,0.06457872165051386,0.06457872165051401,0.010999566742668119,0,3
24.8,0.008992742450169977,0.02665728614797415,0.10308945071072702,0.004450490341416774,1,3
24.8,0.014512118257537959,0.21635340382387364,0.005567070408886993,0.024861772278073554,1,3
24.900000000000002,0.010492551763222547,0.06461091943606091,0.06461091943606102,0.011004949630978113,0,3
24.900000000000002,0.014513800519383576,0.21659675855174157,0.005549257399758321,0.024866746426458405,1,3
24.900000000000002,0.00899087543215306,0.026598355057610976,0.10323829469866332,0.00444168043154255,1,3
25.0,0.010493879520944795,0.06464313286507133,0.06464313286507144,0.011010334935742426,0,3
25.0,0.00898901634779312,0.026539605539439654,0.10338705693316379,0.0044329061735762666,1,3
25.0,0.0145154738274938,0.21683992137489547,0.005531518424241603,0.024871693545425632,1,3
25.1,0.010495208038881862,0.06467536194635287,0.06467536194635325,0.011015722656582079,0,3
25.1,0.00898716515149603,0.026481036728939786,0.10353573778263571,0.0044241673743311396,1,3
25.1,0.014517138236942952,0.21708289303026929,0.0055138530777453145,0.024876613806784718,1,3
25.200000000000003,0.010496537317180232,0.06470760668871497,0.06470760668871497,0.01102111279311443,0,3
25.200000000000003,0.008985321798014168,0.026422647767875458,0.10368433761266992,0.004415463842004221,1,3
25.200000000000003,0.014518793802395798,0.21732567424843321,0.005496260958749552,0.024881507381009475,1,3
25.3,0.010497867355985496,0.06473986710096588,0.06473986710096585,0.011026505344952519,0,3
25.3,0.008983486242443559,0.026364437804243596,0.10383285678605371,0.004406795386165931,1,3
25.3,0.01452044057811079,0.21756826575362428,0.005478741668779313,0.024886374437251564,1,3
25.400000000000002,0.010499198155442181,0.06477214319191563,0.06477214319191617,0.011031900311705338,0,3
25.400000000000002,0.008981658440219404,0.02630640599218653,0.10398129566283469,0.004398161817742252,1,3
25.400000000000002,0.014522078617943718,0.21781066826382747,0.0054612948123698695,0.024891215143352713,1,3
25.5,0.010500529715694613,0.06480443497037659,0.06480443497037362,0.011037297692978938,0,3
25.5,0.014523707975352063,0.2180528824908347,0.005443919997037182,0.024896029665858115,1,3
25.5,0.008979838347113783,0.026248551491952116,0.10412965460031842,0.004389562949006589,1,3
25.6,0.010501862036885344,0.06483674244515408,0.06483674244515417,0.011042697488373755,0,3
25.6,0.01452532870339828,0.21829490914030691,0.00542661683324702,0.02490081817002874,1,3
25.6,0.008978025919231919,0.026190873469825543,0.10427793395310685,0.004380998593565523,1,3
25.700000000000003,0.010503195119156516,0.06486906562506516,0.06486906562506506,0.011048099697487374,0,3
25.700000000000003,0.014526940854753466,0.21853674891183206,0.005409384934385251,0.02490558081985381,1,3
25.700000000000003,0.008976221113008833,0.026133371098062692,0.10442613407313552,0.0043724685663456735,1,3
25.8,0.010504528962649327,0.06490140451891967,0.06490140451891951,0.011053504319912909,0,3
25.8,0.014528544481701381,0.21877840249899405,0.005392223916727063,0.024910317778063434,1,3
25.8,0.00897442388520638,0.026076043554838623,0.10457425530968938,0.004363972683582671,1,3
25.900000000000002,0.010505863567504083,0.06493375913552964,0.06493375913553034,0.011058911355239596,0,3
25.900000000000002,0.014530139636141533,0.2190198705894179,0.005375133399410752,0.02491502920614063,1,3
25.900000000000002,0.008972634192909825,0.02601889002418235,0.10472229800943955,0.004355510762808097,1,3
26.0,0.010507198933860354,0.06496612948370935,0.06496612948370972,0.011064320803053007,0,3
26.0,0.014531726369593266,0.21926115386485126,0.005358113004402715,0.02491971526433343,1,3
26.0,0.008970851993524926,0.02596190969592049,0.10487026251646883,0.00434708262283791,1,3
26.1,0.010508535061856523,0.06499851557227118,0.06499851557227115,0.011069732662933998,0,3
26.1,0.014533304733198554,0.2195022530011899,0.005341162356476824,0.024924376111665977,1,3
26.1,0.008969077244774536,0.025905101765624026,0.10501814917228697,0.0043386880837607495,1,3
26.200000000000003,0.0105098719516302,0.06503091741002855,0.06503091741002853,0.01107514693445962,0,3
26.200000000000003,0.014534874777726234,0.2197431686685709,0.005324281083178844,0.024929011905951908,1,3
26.200000000000003,0.008967309904695976,0.02584846543454067,0.105165958315884,0.004330326966925671,1,3
26.3,0.010511209603318115,0.06506333500579567,0.06506333500579582,0.01108056361720302,0,3
26.3,0.014536436553574865,0.2199839015314019,0.005307468814803624,0.024933622803804387,1,3
26.3,0.008965549931637604,0.025791999909550018,0.10531369028372903,0.004321999094931207,1,3
26.400000000000002,0.010512548017056148,0.06509576836838729,0.06509576836838733,0.011085982710733269,0,3
26.400000000000002,0.014537990110776364,0.22022445224842985,0.005290725184365428,0.024938208960648404,1,3
26.400000000000002,0.008963797284255998,0.025735704403101887,0.10546134540981075,0.004313704291613523,1,3
26.5,0.010513887192979177,0.06512821750661774,0.06512821750661799,0.01109140421461521,0,3
26.5,0.01453953549899936,0.22046482147279273,0.005274049827571322,0.024942770530731795,1,3
26.5,0.008962051921513036,0.025679578133163114,0.10560892402566004,0.004305442382035331,1,3
26.6,0.010515227131221227,0.06516068242930248,0.06516068242930258,0.011096828128409791,0,3
26.6,0.014541072767552262,0.22070500985207567,0.005257442382794048,0.024947307667136546,1,3
26.6,0.008960313802672959,0.02562362032316421,0.10575642646037445,0.004297213192474833,1,3
26.700000000000003,0.010516567831915385,0.06519316314525649,0.06519316314525667,0.011102254451673696,0,3
26.700000000000003,0.01454260196538693,0.2209450180283632,0.005240902491046109,0.02495182052178984,1,3
26.700000000000003,0.008958582887299409,0.02556783020194475,0.10590385304064413,0.0042890165504143405,1,3
26.8,0.010517909295193894,0.06522565966329578,0.06522565966329556,0.011107683183959676,0,3
26.8,0.014544123141101453,0.2211848466382925,0.00522442979595333,0.024956309245474793,1,3
26.8,0.008956859135252642,0.025512207003700594,0.10605120409077731,0.0042808522845294685,1,3
26.900000000000002,0.010519251521187949,0.06525817199223544,0.0652581719922355,0.011113114324816157,0,3
26.900000000000002,0.014545636342943707,0.22142449631310196,0.0052080239437303005,0.024960773987841516,1,3
26.900000000000002,0.00895514250668677,0.0254567499679338,0.10619847993272187,0.004272720224678763,1,3
27.0,0.010520594510028155,0.06529070014089648,0.06529070014088924,0.011118547873788394,0,3
27.0,0.014547141618814355,0.22166396767869614,0.005191684583151811,0.024965214897417723,1,3
27.0,0.008953432962046908,0.02540145833939902,0.10634568088609242,0.004264620201892572,1,3
27.1,0.01052193826184331,0.06532324411808176,0.06532324411808164,0.011123983830414524,0,3
27.1,0.01454863901626978,0.22190326135568023,0.005175411365531229,0.024969632121618835,1,3
27.1,0.008951730462066456,0.02534633136805435,0.10649280726819191,0.004256552048362825,1,3
27.200000000000003,0.010523282776762543,0.06535580393262064,0.06535580393262061,0.011129422194232859,0,3
27.200000000000003,0.014550128582525646,0.2221423779594234,0.005159203944693356,0.0249740258067594,1,3
27.200000000000003,0.008950034967764408,0.02529136830901049,0.10663985939403581,0.004248515597432488,1,3
27.3,0.010524628054913283,0.06538837959332565,0.06538837959332436,0.011134862964774755,0,3
27.3,0.014551610364459434,0.22238131810009892,0.005143061976951582,0.024978396098062086,1,3
27.3,0.008948346440442621,0.025236568422481512,0.10678683757637515,0.004240510683585351,1,3
27.400000000000002,0.01052597409642197,0.06542097110901246,0.06542097110901228,0.011140306141567965,0,3
27.400000000000002,0.01455308440861379,0.22262008238274042,0.0051269851210825725,0.024982743139668875,1,3
27.400000000000002,0.008946664841683228,0.025181930973735757,0.1069337421257197,0.0042325371424358025,1,3
27.5,0.010527320901414509,0.06545357848849835,0.06545357848849838,0.01114575172413628,0,3
27.5,0.014554550761199365,0.22285867140728843,0.00511097303830242,0.024987067074650593,1,3
27.5,0.008944990133345961,0.025127455233047637,0.1070805733503601,0.004224594810718822,1,3
27.6,0.01052866847001589,0.06548620174060525,0.06548620174059826,0.01115119971200009,0,3
27.6,0.014556009468097696,0.2230970857686339,0.0050950253922439105,0.02499136804501689,1,3
27.6,0.008943322277565668,0.02507314047565091,0.10722733155638962,0.004216683526280203,1,3
27.700000000000003,0.010530016802349164,0.0655188408741341,0.0655188408741343,0.01115665010467224,0,3
27.700000000000003,0.014557460574864615,0.22333532605668438,0.005079141848931462,0.024995646191726718,1,3
27.700000000000003,0.008941661236749603,0.02501898598169134,0.1073740170477243,0.004208803128066429,1,3
27.8,0.010531365898538,0.0655514958979175,0.06555149589791737,0.011162102901666412,0,3
27.8,0.014558904126732159,0.2235733928563753,0.005063322076760887,0.02499990165469663,1,3
27.8,0.008940006973575032,0.02496499103617778,0.10752063012613135,0.004200953456115127,1,3
27.900000000000002,0.010532715758704084,0.06558416682076665,0.0655841668207664,0.01116755810248869,0,3
27.900000000000002,0.014560340168612329,0.2238112867477516,0.005047565746473993,0.025004134572811743,1,3
27.900000000000002,0.008938359450986854,0.024911154928932103,0.10766717109125856,0.004193134351545546,1,3
28.0,0.010534066382968447,0.06561685365149812,0.0656168536514981,0.01117301570664188,0,3
28.0,0.01456176874509952,0.22404900830599597,0.005031872531137434,0.02500834508393459,1,3
28.0,0.008936718632194416,0.024857476954577382,0.1078136402405873,0.004185345656549052,1,3
28.1,0.010535417771450988,0.06564955639892847,0.06564955639892849,0.011178475713624314,0,3
28.1,0.014563189900473283,0.22428655810147677,0.005016242106120487,0.02501253332491442,1,3
28.1,0.008935084480670413,0.024803956412426626,0.1079600378695879,0.0041775872143796,1,3
28.200000000000003,0.010536769924270972,0.06568227507187456,0.06568227507187441,0.011183938122930576,0,3
28.200000000000003,0.014564603678701315,0.22452393669979692,0.005000674149072097,0.025016699431597084,1,3
28.200000000000003,0.008933456960147206,0.02475059260650213,0.10810636427161144,0.004169858869344554,1,3
28.3,0.010538122841546437,0.06571500967915211,0.06571500967915228,0.01118940293405055,0,3
28.3,0.014566010123441823,0.2247611446618296,0.004985168339901313,0.025020843538833132,1,3
28.3,0.008931836034614997,0.024697384845460704,0.10825261973797289,0.004162160466795368,1,3
28.400000000000002,0.010539476523394584,0.06574776022957748,0.0657477602295783,0.011194870146470104,0,3
28.400000000000002,0.014567409278046492,0.22499818254377013,0.004969724360753838,0.025024965780487827,1,3
28.400000000000002,0.008930221668319702,0.024644332442562315,0.10839880455794974,0.004154491853119715,1,3
28.5,0.010540830969931648,0.06578052673196765,0.06578052673196759,0.01120033975967094,0,3
28.5,0.014568801185563085,0.22523505089717497,0.0049543418959919665,0.02502906628944961,1,3
28.5,0.008928613825759903,0.024591434715613317,0.108544919018824,0.004146852875729813,1,3
28.6,0.010542186181272829,0.06581330919513702,0.06581330919513703,0.011205811773130158,0,3
28.6,0.014570185888738041,0.22547175026900582,0.004939020632173328,0.025033145197639207,1,3
28.6,0.008927012471685276,0.02453869098693886,0.10869096340587886,0.0041392433830563236,1,3
28.700000000000003,0.010543542157532412,0.06584610762790169,0.06584610762790166,0.011211286186320843,0,3
28.700000000000003,0.014571563430019167,0.22570828120167002,0.00492376025803073,0.02503720263601809,1,3
28.700000000000003,0.008925417571093955,0.024486100583333947,0.10883693800242959,0.004131663224538232,1,3
28.8,0.01054489889882381,0.06587892203908131,0.06587892203907324,0.011216762998712347,0,3
28.8,0.014572933851558051,0.2259446442330644,0.00490856046445111,0.025041238734597345,1,3
28.8,0.008923829089230376,0.024433662836024526,0.10898284308983898,0.004124112250614485,1,3
28.900000000000002,0.010546256405258707,0.06591175243746983,0.06591175243748343,0.011222242209766012,0,3
28.900000000000002,0.014574297195212797,0.22618083989661475,0.004893420944455955,0.02504525362244618,1,3
28.900000000000002,0.00892224699158303,0.024381377080625898,0.10912867894753747,0.004116590312715354,1,3
29.0,0.01054761467694965,0.06594459883191814,0.06594459883191876,0.01122772381894755,0,3
29.0,0.01457565350255045,0.22641686872131725,0.00487834139318116,0.025049247427700358,1,3
29.0,0.008920671243882234,0.024329242657100958,0.10927444585304455,0.004109097263253723,1,3
29.1,0.01054897371400605,0.06597746123121348,0.06597746123121428,0.011233207825708469,0,3
29.1,0.014577002814849424,0.22665273123177604,0.004863321507857871,0.025053220277570322,1,3
29.1,0.008919101812098106,0.024277258909726984,0.10942014408197685,0.0041016329556175695,1,3
29.200000000000003,0.010550333516537572,0.06601033964417767,0.066010339644178,0.01123869422950161,0,3
29.200000000000003,0.01457834517310222,0.22688842794824962,0.0048483609877917775,0.025057172298350125,1,3
29.200000000000003,0.008917538662438131,0.024225425187043986,0.10956577390808528,0.004094197244159989,1,3
29.3,0.010551694084652598,0.06604323407962376,0.06604323407962386,0.011244183029774002,0,3
29.3,0.014579680618017512,0.22712395938667926,0.004833459534346116,0.02506110361542472,1,3
29.3,0.008915981761345467,0.02417374084183232,0.10971133560324857,0.0040867899841932525,1,3
29.400000000000002,0.010553055418458513,0.06607614454636489,0.066076144546365,0.011249674225968509,0,3
29.400000000000002,0.01458100919002298,0.22735932605874346,0.004818616850919401,0.025065014353278993,1,3
29.400000000000002,0.008914431075496556,0.024122205231060807,0.10985682943751086,0.004079411031978503,1,3
29.5,0.010554417518061746,0.06610907105321387,0.06610907105321401,0.011255167817523618,0,3
29.5,0.014582330929267143,0.22759452847187286,0.004803832642931697,0.02506890463550455,1,3
29.5,0.008912886571798513,0.024070817715852857,0.11000225567909233,0.004072060244719342,1,3
29.6,0.010555780383567697,0.06614201360898296,0.06614201360898309,0.011260663803873484,0,3
29.6,0.014583645875622447,0.2278295671293187,0.00478910661779951,0.02507277458480917,1,3
29.6,0.008911348217388758,0.024019577661454936,0.11014761459439983,0.004064737480553306,1,3
29.700000000000003,0.010557144015080771,0.0661749722224838,0.06617497222248393,0.011266162184447825,0,3
29.700000000000003,0.014584954068686902,0.22806444253016117,0.004774438484923799,0.02507662432302316,1,3
29.700000000000003,0.008909815979630946,0.02396848443718761,0.11029290644806163,0.00405744259854291,1,3
29.8,0.010558508412704377,0.06620794690252765,0.06620794690252764,0.011271662958672055,0,3
29.8,0.014586255547786845,0.2282991551693638,0.004759827955668136,0.02508045397110793,1,3
29.8,0.008908289826114392,0.023917537416425667,0.11043813150291579,0.00405017545867034,1,3
29.900000000000002,0.010559873576540918,0.06624093765792481,0.06624093765792508,0.011277166125967096,0,3
29.900000000000002,0.014587550351978786,0.22853370553780686,0.004745274743341432,0.02508426364916379,1,3
29.900000000000002,0.008906769724651306,0.02386673597654023,0.11058329002006537,0.004042935921827108,1,3
30.0,0.01056123950669179,0.06627394449748578,0.0662739444974859,0.011282671685749628,0,3
30.0,0.00890525564327535,0.023816079498887394,0.11072838225884975,0.004035723849808771,1,3
30.0,0.014588838520053167,0.2287680941223155,0.004730778563182314,0.025088053476435866,1,3
